wallet_address,credit_score,behavior_label
0x000000aaee6a496aaf7b7452518781786313400f,100.0,Good
0xb0848a5322f7d5d29416ac07b2df6e0cdb6c50d2,100.0,Good
0xad81e01b66d69f45d557d93bc746bfc3db85bcae,100.0,Good
0x5d47e5d242a8f66a6286b0a2353868875f5d6068,100.0,Good
0x5ca8179510ea0c46327252dbf06110a63d4e8f35,100.0,Good
0x0a7aff107909cd284ba841b67050cb0458175944,100.0,Good
0x5ba8be640c84e294bd7285b4d7a676ed8e1ff2ec,100.0,Good
0x5a22ebbfd15a363b650f0c15a11012373afd08ab,100.0,Good
0x59e3adae9267f874b175df394abc5fcd0fcf8175,100.0,Good
0xaeec62d9a6aeea90e720914b16cb1bbf25f77611,100.0,Good
0x5999865518c9de250b820762130ff7a7119a4558,100.0,Good
0xaf7f2ee8a6ddeb1e4b0fbdc8b0ed294e0a8bf1ec,100.0,Good
0x590c88342e577d77733c939e470add2e30dba491,100.0,Good
0xb06068f25c6b6944593a91d36a8e4f88985dd846,100.0,Good
0xb088a3bc93f71b4de97b9de773e9647645983688,100.0,Good
0x61f9f97700d391d875fa14e020bd6f1e862ca10b,100.0,Good
0x5872a5f39a8e3e85233b20845a6947a4111fcd4d,100.0,Good
0x57ce34535d005fae8a345d35dbd818f2ee3803a8,100.0,Good
0xb21090c8f6bac1ba614a3f529aae728ea92b6487,100.0,Good
0x57c41131600af2d0ea74d7a7ffab385063b89267,100.0,Good
0x57a5575dfb19b6dc6822ffe978f281f3cbf51f59,100.0,Good
0x570ce6badac1c25b2d007e808a4d1b92eccddda9,100.0,Good
0xb263e97547b3bedc9aa3214c0bc49c5985df26d2,100.0,Good
0x09b8d3dcce959489dfe90ea53349e4d3a69bdba0,100.0,Good
0xb2a82a8f0223dcb5020d9c593977e172fb33165e,100.0,Good
0x56c935cac3d870b385724cae5eb8eea1505c777f,100.0,Good
0xb335d18843137b21db0c9ebc23e7ed9f0d33f14d,100.0,Good
0xb3375a5c855d36c895f3c00e681be1094a5b9d4b,100.0,Good
0x5f0f119419b528c804c9bbbf15455d36450406b4,100.0,Good
0xad4b0951f38fc7a40bb9a5c522206d5a49378dad,100.0,Good
0x566a08de00547a584f8c44541d924b93de12f904,100.0,Good
0xa9bbd5b83ffc706342555e4a38c9c06b2e7441e5,100.0,Good
0xa576e704a1c1d8d7e2fdfdd251b15a3265397121,100.0,Good
0x6bb1be45c80e14b6ef600df5b018df12a7b245c4,100.0,Good
0xa5d32c621b11696a24efbfbbb6ef550ffcb29b28,100.0,Good
0x6a06a5ed081990f4313c03aabc70f5874aa43f89,100.0,Good
0x683a42e5b414ae5cf79ece7e369ca5937fdcdc11,100.0,Good
0x134d7706f8f542f611a785cf30c693df302f4f24,100.0,Good
0xa733de1720caf66eac592adea2d00c6109494e9e,100.0,Good
0x67bbbccddd394c2cfa15d3958904858b21040cc6,100.0,Good
0x65f5cb909f1bcc3ff21ab88d9ef8e2ff848c03e4,100.0,Good
0xa810b58137737445a26c803a552d629a8bb8a01b,100.0,Good
0xa84aa8d0f9e3bf701cebf421b584becfc714881c,100.0,Good
0xa900f41187fffa3524ba8243cd1570bcb338f710,100.0,Good
0x0ae3a4258ce1b9b53d74f6f390c14c4010c81ad0,100.0,Good
0xacfa1c0a40ef81872fb7a674a406ef25164dcbd8,100.0,Good
0x6526f255f7f0ee69074e1c1a4c3457f6c2262db7,100.0,Good
0x6512264566bf91efca43cad4e4495148511c9edc,100.0,Good
0xaa2b97694b4c07c1e85d722bb7ec5bbd39bc2a4f,100.0,Good
0xaa95db6b03738794b6478ccd08626ca5335f4517,100.0,Good
0x650a4c05028d0cd1694f1ddd4c8b8c0b2a92e410,100.0,Good
0x639752f607ded5aa18939ea7d46aaced33b88363,100.0,Good
0x0ac56b5c0d8d798e10bce16a43f5959d10416fad,100.0,Good
0xab8791b0ae982187b4fb4ae4612bd4c29ec6c110,100.0,Good
0xab9e7a11a4081203813acdc25b8699fe3a53a5d0,100.0,Good
0x0abc80cb388b04e6ceb237a3a6897d07ab378774,100.0,Good
0x62e2a91d14d6bae5797fb49bc47d035df81aaff4,100.0,Good
0xac9ba72fb61aa7c31a95df0a8b6eba6f41ef875e,100.0,Good
0x5682cddb3bbb1731ceb8c4cd761eac9f31b84d27,100.0,Good
0x151a64570e4997739458455ba4ab5a535fd2e306,100.0,Good
0x6d26fcf5f2f07b6ce22e9f839692018f7cb84c81,100.0,Good
0x4b4c129f619cef09246130769d92d137b771cd67,100.0,Good
0x163b5f343ac34f6ab7e5a7466da9af15b81fbd89,100.0,Good
0x4e058516eebf1db6b50d0c4396c608de25a77545,100.0,Good
0xbd4049743e35da8dee1f81cba0a851a09118edc3,100.0,Good
0x4da2e85d64bece663ccab06e89b970b6b077f22f,100.0,Good
0x4d4fc2b1d694d3d7647443b79a7efd3bf4efdb41,100.0,Good
0xbe8142866be40a11fe0123debe80b8cfb3d62e73,100.0,Good
0x4d37f28d2db99e8d35a6c725a5f1749a085850a3,100.0,Good
0xbf4cb3873870e8460288a3012fd5374ebc57d168,100.0,Good
0x4d25819e9de2a2eeeddca953d1ef0182680a7054,100.0,Good
0xbf63f97613f796e1de3446e64b529c79e5cc40b2,100.0,Good
0x4b64d0184b0676e3d4b79c96e9123a8583aafd4d,100.0,Good
0xbf83e6e40162c655f2ded3431b7b31307275ac95,100.0,Good
0xc04d6b100cdbb807bb7913fa68ff0d5990e43dbe,100.0,Good
0x4e5979df67cff9e69082640eff449a34ba8a9863,100.0,Good
0xc09544da6f50441c024ec150ecedc72de558ce94,100.0,Good
0xc0dd6706c461eee71634baa5cc8006918764649d,100.0,Good
0x078c9ed6a7d4b1a6424ce39b077bbd23cc7d2024,100.0,Good
0xc18a3fbab238cdef9741514b2b5fe28ebc49fd0d,100.0,Good
0x4b38d3b4fb1e5a7674b486a89aed5cba5614613c,100.0,Good
0x85dc5fc2e2d5054a459890ce992106f58ecfa93c,100.0,Good
0xc265cb0a1c965a6dbdccd2d827fd1d8ccdce4347,100.0,Good
0xc27ec7f770043f2d722f7a6925310caa8099d081,100.0,Good
0x4adaeef3521509a73d6f71177c4ee2cdd184b734,100.0,Good
0xc2dc96ce8fa3eb81477925a20f238911e5f5ff71,100.0,Good
0x4a8b2aa05aa9697258383779206a77a942c6e6cc,100.0,Good
0xc2f833639b69d46422db24000d81ae3ab49f2bb4,100.0,Good
0xbc8dafeaca658ae0857c80d8aa6de4d487577c63,100.0,Good
0xbbd13ca6aace2a8eccbde88bc7849c3c6e4e172e,100.0,Good
0xb3b75c9277bd2be383448be2220962a31c6dcd79,100.0,Good
0x53c601621a9bdf0b98adf8b1f7d41ae63bd46c07,100.0,Good
0x55ea6bef88de368531949cf8961532b9c03c142f,100.0,Good
0xb3eb6120f5c03e71dc5fbffef7bd6b7f71b22772,100.0,Good
0xb4390289cf47c5c05626cf75ab4da28e70de3e1a,100.0,Good
0x54b45b82dd69854c39bc4346197f4a7ddcd183c4,100.0,Good
0xb446b0c85cc4ef5f5ebf495c4fdd38ecc5284176,100.0,Good
0xb476a9ea9376b04972b40b40a4ca91d3e5f964a7,100.0,Good
0xb4b4afa3251f5498d70cd93211921938302f2d8e,100.0,Good
0x5424290830e5a379e90050b15673d6ca7a9c5430,100.0,Good
0xb528c573ddd7acaba1a1da77a4fd5a1ea4a32990,100.0,Good
0xb52c52486b13ddddad792f671894408d16e1c048,100.0,Good
0xb587e5af7d7131d5c0de77efda2979951dd6889c,100.0,Good
0xb58f9800f74fea404b58f94ca3685d97e4fdfbed,100.0,Good
0x53c404d148a5c7c164e259f07a87429ad79c00e6,100.0,Good
0x08439047b3c1b1c6fc9a6c62a1daa191a19e79dd,100.0,Good
0xb6317af995693789900f85b2d93d1dd0f5deb558,100.0,Good
0x52feb9bf6f37bbd01309515feec062632f5ccb2b,100.0,Good
0x52599a3fb1a737d999e7d93fcec5e756b5cbe4f1,100.0,Good
0xb79dd7a1fd1298b13771055c0bac2f215f4a13dd,100.0,Good
0xb88827b3dc2704e9ee7cd74247b4069615610cd8,100.0,Good
0x520ef574f275bb54bac66781834a3ee20e9b6e3c,100.0,Good
0x5100b47908a06e099d5185bf753d033fa2b7ceac,100.0,Good
0xb9e5436ccbc77b8c25a3fdb53273cfde1e85990a,100.0,Good
0xb9f7b3b5492f270f2ba1ff1b6661ed27e03d4132,100.0,Good
0x4f554e30654369e2cad5f718754278eefe2af7d0,100.0,Good
0xbb6d1a9ca8e7f56a385c0808e68627d93193dcdc,100.0,Good
0xbb74a74275ca79b0f808c7a03c65e89735c9fc40,100.0,Good
0x6c1e53eb055d1e4b5ab1ecb0e44d1f513ca53082,100.0,Good
0x6d71c5886d08d9a1c6c89038148055297f6440e0,100.0,Good
0xc38fe630dd7b1de5a95a860871e75329d9c4e5a2,100.0,Good
0x7c6e177d9613bbbc80557816a19a342136b24654,100.0,Good
0x9071a016f554a698abc4199c816439726703947b,100.0,Good
0x7fce563e9f39ab7dfbd61978f10037cc32a95a4d,100.0,Good
0x0e8c28770f789866a0383467f83e34d13d4b0974,100.0,Good
0x907a974a4da906b28ae734a86e6625508b7a4a43,100.0,Good
0x10d5c4915df50e9313c21b4a7389c056ff3ff334,100.0,Good
0x0e70fd4ea2a0063396fed52a999d64f661774be2,100.0,Good
0x913d74033d61de00c388e4d30ba5ac016b104f56,100.0,Good
0x7d957aa56820212bbd4c7667ad5e3e39215048a3,100.0,Good
0x924d0812ccfa3811ec185f54803cc2a87e59608d,100.0,Good
0x0e57c10ce37139507e72d0a0a552bc254f21d609,100.0,Good
0x7c8a61537c02afdff15ad6ae7d51dd25edceb0bd,100.0,Good
0x1ccd8ff59612d4108d9bbe5f16add545efc6fdbe,100.0,Good
0x7bd2b1c17638c44933ffd0d65734136a1b2ed67a,100.0,Good
0x8014a798ca117e4c44047f5c6cc617bc54296284,100.0,Good
0x935361eb81ffe4eef326902ac37e8aba82edf403,100.0,Good
0x937a00b56f3fe79909306d72292b965a00fe3406,100.0,Good
0x7bb389db8484fc975778993befe2cc44b6e05f4a,100.0,Good
0x7a0fbb294741a4d08ebc09e8937c44b87c4c0b85,100.0,Good
0x94af4c6e9b0559b3a5d4bb667954a66c3a642957,100.0,Good
0x79d93cbf3583e62dd3edbddd1ee1121f8b07af81,100.0,Good
0x799a3539e0404b3c3085293692de1c91f074e001,100.0,Good
0x7973fd24410788c35e2f5e2d35bcdede00b9df2d,100.0,Good
0x794ad3af58b56522b80aa7e9bc04f042c55d5b2f,100.0,Good
0x112d083ebe9ffbde9e0cebe5f4c3964f8e8533d7,100.0,Good
0x77feecc45fa31f2639d4c1cee0ccbf138387d79b,100.0,Good
0x97b1a097a0139b8f2ec015cd26ed8c0195a1bef0,100.0,Good
0x800c443d4fc0048d2f4a83d64cdec93a824be745,100.0,Good
0x8183866223445441b6fb9206b9f0b583410977e6,100.0,Good
0x77eb9812a8d380f63478211e011ee289d19931bd,100.0,Good
0x8ad5ee55a8425a8a4938106050636e0901df4321,100.0,Good
0x856b762d46274ef1d696103e5fb2af2afee91ecb,100.0,Good
0x86b7008723acc82651374ba81b951b2a8413743f,100.0,Good
0x8700b87c2a053bde8cdc84d5078b4ae47c127feb,100.0,Good
0x8552698764b16b26189e8ef0cc095d02691d4837,100.0,Good
0x877e8ab289f1b3eec7220a8a7edcfe1d87779813,100.0,Good
0x8782696569cb4b825f6f1fb457c14dfb823187e4,100.0,Good
0x85412643b12cf847f3e11f24610e6127c17ef7ec,100.0,Good
0x84f10948e7e8c26dfaff67662d2168147c3d719c,100.0,Good
0x0ff324d42acdcf93ed7187cb9705b4609b074bb4,100.0,Good
0x84ece745851c477d15cfda32c71f2bebdbfb6218,100.0,Good
0x893425f1e71fad6646eb70dd17a5f808a012ab4b,100.0,Good
0x1055b1ba704158d78672179c61ef77eff2af6021,100.0,Good
0x8b221a3b1b2675ab9e836904fb55742dc57b32ba,100.0,Good
0x818539ad5bc9f943a5ca323a7f9249fac62f25af,100.0,Good
0x8433540c7e4d086e84a6e1cf4f99d8eea0e1ec09,100.0,Good
0x0fb27f3e9b202a6a3db74b3303d33285760f9166,100.0,Good
0x8b5c2387ba1f401a8f1d7eea37fa8f9fea6969c1,100.0,Good
0x83e81d747529f0eb6145b149c438ab7f9bbd651c,100.0,Good
0x8d99b4c39c26d693cb52e502bdf4918aca68c14b,100.0,Good
0x8e551ee9efd11c69bc21bff1f35ee7b12ba1784e,100.0,Good
0x83539c51899366bbe7eb4dc3085dcc091c5e062d,100.0,Good
0x8e831f16c2aec702f3ef81f2b6ae70dd19fbe08c,100.0,Good
0x8eeb3170eea4135b88ec6c058f101d41a29d0cd2,100.0,Good
0x82f458f713ac9a366aa9c7e858f69454fde779e5,100.0,Good
0x8f46901fc234cd942b88e6056ea58226207f4ca5,100.0,Good
0x825d634b9d22da526ceebda4fb7ad4d373cfe2ba,100.0,Good
0x98390dc74aa2195174d937c92ec69bdf7e74bb6c,100.0,Good
0x77e8c5f5539473d8aedee2a2c9c3ddad33ebb257,100.0,Good
0xa55f6f54f7e0e11396904031b0e870cdc910bf75,100.0,Good
0xa06dd7ae30effce6d0aa7fd0fe1a0cd4a1329e4d,100.0,Good
0x70392646a0299b4b3517dd350511bc4959d71da7,100.0,Good
0x7025417219b883502d14fd0ddb351e90a965838d,100.0,Good
0x9ebcb75c803b4f905ca178346acc35d39d6048b0,100.0,Good
0x9ee44216215833ff45aea646bdf1b0c3d9f6c064,100.0,Good
0x9ef190ae70ce60126d1899fe29645ade741eca58,100.0,Good
0x6fcd805a06d424a45b226f951b0a7a7b662831bd,100.0,Good
0x9f15e05fbfa195bd807f1f60ca6f9b8d7fddb75e,100.0,Good
0x1261cf753c2006ab2455fb8fdf45c549553984d4,100.0,Good
0x9ffa9cced03b6b0bda116ab14be5ceda2db0e9dd,100.0,Good
0x1268757e441481ee97f99ba28d624f261b3c14d5,100.0,Good
0xa010322f3eea1004d16e1687777440b78f2e558e,100.0,Good
0xa0463d9133f97968f30ef5e761ecbde587ddd918,100.0,Good
0x6f9bb7e454f5b3eb2310343f0e99269dc2bb8a1d,100.0,Good
0x716c59f6fb15c8bdb35cb87340c165461e8f39aa,100.0,Good
0xa0d993c55dcf9c962cb3830fd8157cc9e0ca0c1d,100.0,Good
0xa1fb1ccf3bd712972b06a089c6c69fe342a52af1,100.0,Good
0x127f6bfe9b238edec1bc3cc129c4c78cc5727871,100.0,Good
0xa230a1c91c640da7a947c23a889a3bd68a171915,100.0,Good
0x6f858d52ff946d3a4c91fe5a7cdc408212d17a1b,100.0,Good
0xa24009a666a0ca097353c392256220a1f5f68c13,100.0,Good
0xa2cdabfa4141c59e1406516da6d937e35fcf42e7,100.0,Good
0xa3d8d276f6eab243cb22f4d1a5e3cf08476346ef,100.0,Good
0x6f4cb27afbd5229a4bea46f2ab2c5c2e3aeb7ae6,100.0,Good
0x6ec62454447b9adacbebbae86687707a786c8530,100.0,Good
0x6ec440154dd9c34e01d54779d55cd861de77db59,100.0,Good
0xa549893711fa9b5588d1bc7f7a661a2ce1deb575,100.0,Good
0x7091de9a5435dba7f051045d64c5ef56bd96064e,100.0,Good
0x9e9bf7495369e73e76e0f41c00481b16a270711c,100.0,Good
0x779df480b2eaa9eb5b4b149135de8dd97c1cc492,100.0,Good
0x72782b9ea7f51bb96a8d0cf90b1293021a6b7a7b,100.0,Good
0x988ebd2dc796711f63e91c36ccb7d05e67704b4d,100.0,Good
0x98cd31a77948b77f1aa2ae36be4a5c5f6853de96,100.0,Good
0x98d539ae90481e921fd9fb826500f2af06337555,100.0,Good
0x98e28650cf30e5aa1b7e9cdb258522ec3cb57614,100.0,Good
0x7409956e1d10a00ea425722565790e2c77c40ad2,100.0,Good
0x0d5c05bffdf0e4ab80002947ef48b8a279fbbaa1,100.0,Good
0x73fa9df99faaa8d110c5afd917355eba0f993362,100.0,Good
0x99e39611e125ad59214ab8bc62c2e79ef39d1ae0,100.0,Good
0x9b1b504491fc206368bf048ff564249d8a81caa9,100.0,Good
0x9b3611abceb1550b7ff2ebd46cf6ae4319130014,100.0,Good
0x0d41a798525083e5d4b258aa6651266d7e4337a1,100.0,Good
0x72d9f391dfc352105b8aa391475007d4bcefe1e4,100.0,Good
0x725322fb146d84d2f3a2d43c8cafd515b1cc68e8,100.0,Good
0x0cbe265011306fd86438c7d23d0dfb1721c20763,100.0,Good
0x9bb36404df5455eeb80205e5730631c6a1d64c9d,100.0,Good
0x7245386b3e4d58a34eabbc32879dd95f0df697ba,100.0,Good
0x7221e37fec261309bf4bd4e95dc129f1372f8082,100.0,Good
0x9c2e9c7019d60d0972067e313f3a0c4628442021,100.0,Good
0x9c9550871c8d714e90ee03e610b21f156381bdf1,100.0,Good
0x71bb861eee90ebc82e9ee26778309560fd361538,100.0,Good
0x9d59e3a984642799001a8f0d7fd6b69b1f5888ab,100.0,Good
0x9d5f9c924833a5284f29576d07a42942276a26e4,100.0,Good
0x9ddc5b469e02cd486f8f77f3e8fe831468020085,100.0,Good
0x9de91512807a33d1df1d7ad07a99b220ed719269,100.0,Good
0x120d7c6bef0af3dab374b0f1bd83adc347fbde54,100.0,Good
0x717ab1c60e79464ed2e2980a131fe5774b855789,100.0,Good
0x48f149d5f467dca36ae5433d526a647314c4c882,100.0,Good
0x16ad4e68c2e1d312c01098d3e1cfc633b90dff46,100.0,Good
0xc39d34e038909a98996e01613200300d6b28fc19,100.0,Good
0x2dea05a9dc86df71c69c891a959aa79fdc8ec8ad,100.0,Good
0xe8992b1d0737c4cc587eaafe13d7563bd50b5c14,100.0,Good
0xe8bf424e047372d249d0826c5567655ba3b72f18,100.0,Good
0x2f8ad7e46f984410eb9bdf4b9ecf525db20d0dd0,100.0,Good
0x2f361e48a3a6631429f35376eccb2ad79cfb5db2,100.0,Good
0x0249709880fc44b72f00abbe7f6120c9a61bade7,100.0,Good
0xea4644472a98722dcd26b49abf5b8b4ac55779b7,100.0,Good
0xea5c6e56340adf10527e03792626bad7d1b68283,100.0,Good
0x2f3246fa8d5d8776c29cb5c8ff17cfbf8f0e3055,100.0,Good
0x2ee0b86ae26a615ab18958a65553f5d6498cfe98,100.0,Good
0x2e13c8f1e1d66919d04f12e49fbc4a3c03d286d2,100.0,Good
0xebda5629fb541c474313a41e40018f8f5ed3c344,100.0,Good
0xec0b8a38d1f217984a5a22f4d1938d474902f984,100.0,Good
0x2db7076f011505a534ecfa7e45513edba2fb651d,100.0,Good
0x301951f9bd3e21e404dd2a99a225aa38e0947ba1,100.0,Good
0x2d8fad6cbdc3b6e841415286a617534ec6720ec1,100.0,Good
0xecc996953e976a305ee585a9c7bbbcc85d1c467b,100.0,Good
0xed0e5161ea537d9f69b9fa062c1bd3dd590abced,100.0,Good
0xed60eac23f638d2c4e28ba681a0539b7e63a23bd,100.0,Good
0x2d29da8a41acea411189ae98ed73c9503e0dd4c2,100.0,Good
0xedfbdcacb9646e3c017321bfbc8c1bf82a8fc12f,100.0,Good
0x2cc3eab54a605d9af1ef0506a7ad66652d73ef20,100.0,Good
0x2bfbea421018a8b0174d843503f67b28a8599d43,100.0,Good
0x01b53373cacdd6b67cd98cdbfecdd07457084e1f,100.0,Good
0xee848a515b6da28e21d26021898ae0e14b256db1,100.0,Good
0x2b206d5a2024752cec1f3256a919fb7d687be9b6,100.0,Good
0xf02bce94a6e11b7a8fc5c38e5868321ccdf753fb,100.0,Good
0x2fcc9629560db6bc32c5ee6e0fea0ecd90c89949,100.0,Good
0x3033a0657c4823897440b9121c425ec761a7a694,100.0,Good
0x2a2a9fdb88a717f417b2bce9bb592ed28d2a9be0,100.0,Good
0xe4f60f6fe872d5b910e72a11d09cdcf3780d20db,100.0,Good
0xe100d88646a57a13ac803fdf4607511cefa39aa5,100.0,Good
0xe1478cbf115c2d6bec1572e0e6a43a2dfadca15a,100.0,Good
0xe15103fe6728f5176d39b2116291193420a8b08c,100.0,Good
0xe1c8917a4f45d50c6a66cd82a3f37f1a7d798746,100.0,Good
0xc39fa89b072e923b73d19537044d72e502990031,100.0,Good
0xe201cd08a9de28546eb8d16544604d6d747f5a75,100.0,Good
0x3186ecc1be7c22a5bdd873cd3937a0c98021eee2,100.0,Good
0xe2c567cd62bc1fa94d75f0bd7611b231ad02fa73,100.0,Good
0xe364d707d9929e1685cfa3914ee427f9d4a89675,100.0,Good
0xe41086f6e4801bf49c0f9e24fb147cdfaf952a89,100.0,Good
0x1997169fc82abdc3f54e14e1e2cd75cba24db73c,100.0,Good
0xe4c34e8a157442512f12447cdde16bf645240d10,100.0,Good
0xe551388b683bb1e34e27e5a7b00eabe79b080bf7,100.0,Good
0xe82941e727d84f99329b94381e67a94524963d05,100.0,Good
0xe56005a2f53904af14c06af262ea2bc024f7ae94,100.0,Good
0x02ef744c9160384ce566b3e41c48fb9b35daf162,100.0,Good
0xe5c10b9988ce6f1e56cc3a142f2364edfa890ce5,100.0,Good
0x3182ad78c3f102d1ca2e6e63ad949216493cacd0,100.0,Good
0x3173acd056c8d6bb3ec849d3f6ffa90b8fda208b,100.0,Good
0x311c38520151b0bc500d60eab5548c1cefec8fed,100.0,Good
0x02ce3b6c086e88616783163fb095578c86fbd4a9,100.0,Good
0xe77884cddf148dd5f0e9191b33d8dbaddb16dfb5,100.0,Good
0x310ce0f00b0d64989da96380a48e4409079c8d8e,100.0,Good
0x30d726d4b64fee8de4f5d94c53859daed2ae77f0,100.0,Good
0x304acce87b3dd9b5019d32fa53866060e5032325,100.0,Good
0xe82542051b5e3ef94ce93c7a0473082dd3932bd5,100.0,Good
0xf05cbe0ee781ab4432ecd5f6e5ad04551d239561,100.0,Good
0x29c211712f7bd54f61a35c4f5c24b84a4528a181,100.0,Good
0xe070e13c4af740a93109715b0c7c2ba7c30c4ef2,100.0,Good
0xfe5ac7992254e93b9aa4d4f1f4dacf01150d85ca,100.0,Good
0x231ea269e5ef8df7056ecf26f9b97ef8ab5cabdd,100.0,Good
0x229229284c0ea7c2a898765a5652fc03f0e35293,100.0,Good
0x227033541b0b3b75ff258a47f5f8368fad866497,100.0,Good
0xfafae2220433cddba9f0425ccc64a812ab0725f6,100.0,Good
0x2235cd349113837ffc6d3e41ad8f64a84f3d20e5,100.0,Good
0x0073c423a0b5d88b330d481301025db1ab65d891,100.0,Good
0x20b4ece8b6a9d4d93dfeda5f9c905e4ebab3a59f,100.0,Good
0xfcd34c86de414b955c41239cff04cd67c04417d0,100.0,Good
0x20aec996ce9d508a7f51b2a217bf6a87b6be0ef1,100.0,Good
0xfd991e47e8aa1ec50ffd57f1678522ac2284e3b8,100.0,Good
0xfdd43923340736ffbcb31c808ac644922c1df05d,100.0,Good
0xfe1fa114b6899bd8c20e0d08401cada067523421,100.0,Good
0xfeed2ebfafec07ad46233eb2930d8c545ba01441,100.0,Good
0x009c07cc41a358176c97b525284d50f4960bc939,100.0,Good
0x204d363bed977942e9ee1dbb24ad940b16cc02db,100.0,Good
0xff16d64179a02d6a56a1183a28f1d6293646e2dd,100.0,Good
0x1bffafe206cfab42b23dad63cf0b603a673deb64,100.0,Good
0x1f92fc15bcbeb4dd24eefbead8d7aee409f891dc,100.0,Good
0xffb3bd8b5365758350008118961254c5ecd1f80a,100.0,Good
0x1f8a9aa97618c77fad4be22fba26d4ea0507119c,100.0,Good
0xffbc36636cffeee51593f6f8048f618138b5b793,100.0,Good
0x00120ec799017bbab1049174ac3cd706260effc4,100.0,Good
0x1d8c813e905cbfd1b2adc0ef3029ce5959c4d67b,100.0,Good
0xffc7ec34cd530cb5745cb06a285f31d536a7e13c,100.0,Good
0x1d419c35db08d8bee2328e70251ec8766a11d71a,100.0,Good
0xffe11dd3d666da59802f61670b0664519c20f94c,100.0,Good
0xfa3f9f5b7765becfa6fe6e440a17ab4f2eb7e40a,100.0,Good
0x00a050ae48f4f5463321a9eb2aa2dc2314076ca8,100.0,Good
0xf11d95bd4c18e4a792cd3ffb581e2c30890724a3,100.0,Good
0x23a39b3024cb784c02edb20bddeffa9a7bb6a5ef,100.0,Good
0x293425f7e1f094cd06a264187d830b59e54cac1e,100.0,Good
0xf16d75faa453755891196fdc08819bc5527d5806,100.0,Good
0x28d59e2e8d87b4b272a75b384f6f593a41b4df4a,100.0,Good
0x27b69c405d6c58f5dd83ef7e117355a4942014bd,100.0,Good
0xf2201927b27ef22c967793d5eae870d5de19c832,100.0,Good
0x26d8f0909a9bb3a1758024c90e8fd87f5d24d65f,100.0,Good
0x1b2c2ff7a6140241440941fc3d5a29f1a0b53f2d,100.0,Good
0x1b46d2eb4d5c1f03035bc5e57b2543db50fe338f,100.0,Good
0xf40d4f2d352fb053f58733152c723f9d08a7cb70,100.0,Good
0x23a49a9930f5b562c6b1096c3e6b5bec133e8b2e,100.0,Good
0xf46ad3ca0aacf10114c76e0b1c077a154e5522bc,100.0,Good
0xf47b25c9aa978f080995fdcd0d1b04ce274747ba,100.0,Good
0xf4ba1b19e8065adf06b1e168e919836730304b6c,100.0,Good
0x233f1d0c0abb1eca410b6e1e7d2560cfd32b07b2,100.0,Good
0xf55e015769baac7e5861cba62ee775868c335cee,100.0,Good
0xf5c7231632aa9b344093d82deb864fa1c00b8bde,100.0,Good
0x23732c68e444c09fca1c139d9e90a58217560224,100.0,Good
0xf5eb2293bb18199fdf58f4f85fc9d4fbfea0638b,100.0,Good
0xf7098d1fde0cdf43abbcc4f01e16aa11ab69029b,100.0,Good
0xf78cf7bb109f7fb55e3cba2dd87edd5e836eb0b3,100.0,Good
0xf7c751457363e84f5fda68e527b318468f334cec,100.0,Good
0xf84440dacfa8e3bdacf7f48409255d9f894f237e,100.0,Good
0xf86b6d7c82597de4441c4d3df218824672990fc9,100.0,Good
0x23624a34ee5f3d88395766615343a3b0743e191d,100.0,Good
0xf8e562f4f30c5dda0978857067d6585265da3437,100.0,Good
0xf8fa81909edf789994f8998e031ca8ac1929de7e,100.0,Good
0xe0ad79cdd7d049c9c12afcbffa33c58e118c48b0,100.0,Good
0x32922e1774043c1dd13a69556bb511aaef4f8df9,100.0,Good
0x33784dbf0433530d4badd39baef04f98d0c0de94,100.0,Good
0xd10e084da255d64b550beb72cee1c11d869376a5,100.0,Good
0x0618e076e4fe252b1b73a83c239289dc12055ea3,100.0,Good
0xca1dbc246cd82d379f3df25732ca79ffe12b6032,100.0,Good
0x40d5501eb755cbc39d84cd0c7de74eaf1e952a2c,100.0,Good
0xca78c111cf45fe0b8d4f3918632ddc33917af882,100.0,Good
0x40d20149259d690bef45a6830a779dbff6439df5,100.0,Good
0xcbdb75a5741561e347d4508d96d850f83dcc36ca,100.0,Good
0xcc9417ecfbecb3522ed1f70743e00e5a1d2eb4d2,100.0,Good
0x3ef71b47a6b985f753b02b15b7b64c8985bcc4a8,100.0,Good
0x3ec61c035543d5529b7315c1fae202f829fe2b20,100.0,Good
0xcd35bd62fd15e732b5c8f4a5c878e968547aeaf2,100.0,Good
0xcd6b1c406e9a8da31162527c40a90343b5bb9cfb,100.0,Good
0xcd8c4106ff54e8ad03f6e3dfc0fee679ac17322c,100.0,Good
0xcdd5febe6164452444b31f1e0f85e2bb350894c5,100.0,Good
0xcddbca45d24c868579dc2df93400f98c95c5dbc7,100.0,Good
0x17f780e07e5525c20bf5f22b6c650052fa8605ab,100.0,Good
0x0576903118227bbffed05c46271c03590f52158b,100.0,Good
0xce75dc60005f890c4ac7b3d3ce042e57ebb0a919,100.0,Good
0xceb9e948ce562b3b3eaa2495e39841a62815a524,100.0,Good
0x3c906129446b9a0a24b6e221b938cd207c20c521,100.0,Good
0x3c7e67bcd18971459add795664454b2ff7e77ab8,100.0,Good
0x0558b7a135ccfe3a59de45a239ae3a765d7ab1a2,100.0,Good
0x3433139d05ad5cf0f2a5cb84b6189aef6fad5e44,100.0,Good
0xcfe638ac45cc776cda727b3d388bc7bf0219523f,100.0,Good
0xd047b65f54f4aa8eae6bb9f3d9d5d126fe722b9f,100.0,Good
0x3c673dd35bfea5267c4f5598a8d441fb13f8475a,100.0,Good
0xd0b5795bf8a5f34772d77572a7167199b658dde1,100.0,Good
0xd0e541e693d96867829c4938cbf75d369d4f6176,100.0,Good
0x40d83d66673ec330c3cdb45b6ac9eb884d262a71,100.0,Good
0x17c9c3e835293220a401723811832e3e32fd391b,100.0,Good
0x41f2c7d530bb3ba3d9ef993c1892d95fb5deea95,100.0,Good
0xc66a2b53b98e0184f2dbd3b2e6a4f4bf3283127f,100.0,Good
0x071a79b04021baf1b6f32a5c233c7d01dbde0e0f,100.0,Good
0x485470fca663f60b92bbc5111c5fd7478bd58d0f,100.0,Good
0xc3e1ceffc8087082baa045a9473edecf3773c122,100.0,Good
0xc3fdadbae46798cd8762185a09c5b672a7aa36bb,100.0,Good
0x484a3588e42fb1541858aa314854eed26e14816c,100.0,Good
0xc410fa737c0a6cea167a8a4281505446a12eb720,100.0,Good
0x4794764b746913abe38dbc7a373022bfee5b4a06,100.0,Good
0xc55b3b8545eefdeab26409c0a61abba23b6220fc,100.0,Good
0x47486720f580b527fcc7fda72ffe1915f8c02107,100.0,Good
0x46a0b4fa58141aba23185e79f7047a7dfd0ff100,100.0,Good
0x46885091faf1a59fbf97f1937f40284f068664da,100.0,Good
0x06a437b2afcd7b6261bc26399b30f0102eae3af0,100.0,Good
0x46779e18b9a45e8309a9104e07219f2357c9a987,100.0,Good
0xc9f29b7341ed3595d8e33b2c0a439d36064434ea,100.0,Good
0x069237a95d830bf97f00f695866e73bb47ae0c1d,100.0,Good
0x4590219b226e50fe8ee023665a087e4eeaec1e1c,100.0,Good
0xc7bde5d00c8e0255b6a262a16fd7d5533e436e0c,100.0,Good
0x44c69653fa05b0e7c12488a4441b9368da43aabd,100.0,Good
0xc842d55c3a0371e060ff00bd66300ba097d295e3,100.0,Good
0xc8bef1a50119389ae31d2e426f7c71bf8cc10def,100.0,Good
0xc8c30fa803833dd1fd6dbcdd91ed0b301eff87cf,100.0,Good
0xc968c8fd6b87874e17e37cb41e7d8b9bbc640c52,100.0,Good
0x178662db0ea4aa03f3fef01b869627529ae2fa32,100.0,Good
0x433056b044b7ae36217349666cd2f1304c86ce90,100.0,Good
0x4308415cc35a883a593fd182c8a6f26250d46005,100.0,Good
0x42075dd2fd29bc6a10330715631df6d8b698ea61,100.0,Good
0x054013b54780a61a2ec3f728c279c2440905ded1,100.0,Good
0x86321c9ee2ab1b06a049f025c6b396c30a1451b5,100.0,Good
0x3bd856465321ead1605286938493169e9c9011cf,100.0,Good
0xda81f406543d3a8ad6ed5a64037628af237a8256,100.0,Good
0x3a29e208600227e81a13042d9694438251d6f23a,100.0,Good
0x03d4695df4b8d321d31c94de8f430e3450f50498,100.0,Good
0x38f3436207648f0b2b998bbc9d6dd203ef9b78a3,100.0,Good
0x048a81d4ab58a7670308f0d6728a0bf825c6ae5f,100.0,Good
0xd4866d842fe47c227e0113d91663fdf5c47270a3,100.0,Good
0x3596c017ad351628cd31980837c0938ddbad7e49,100.0,Good
0xd4d5b2788812b2c4df6684050361a0204c9985b6,100.0,Good
0xd56b98fe204c467ae2acdd585f19601a9456790e,100.0,Good
0xd589607cb9b7ad12b50b528b0dff157f749df285,100.0,Good
0xdc4fa3fc52731adc0f48a4e31c9f8e394c6e501d,100.0,Good
0x38b3ad7b8b162e1b2b21d6ce7c76b11a969171f5,100.0,Good
0x3b641986b93ceb7ebd5512c3c46706d59cbd0004,100.0,Good
0xd6a22dc6bf1f8a200e1788d298b1e33a358ba9e7,100.0,Good
0xd6d30f186e802c1558b8137bd730f7f4aec17ae7,100.0,Good
0x3848ce8d9c1287fd0419334e5f98c0514fcc7221,100.0,Good
0xd918fe4229e53ecbf53de43c2a5b5e3aa735c341,100.0,Good
0x041dedfec783d8d6d8bd4f81cb3675042151184d,100.0,Good
0xd929864a0fe2750de4e32c72bbd4d2b650822ab8,100.0,Good
0x18cfba166b30c6ab9758d1ed8ac92dbb23d4f956,100.0,Good
0x35b6148b640b40f60c55ee3996be795245adc8b2,100.0,Good
0x37acfef331e6063c8507c2a69c97b4f78c770a5a,100.0,Good
0x18ab13f62635bec69fcc1d2ce3dbe5e0bdef1b99,100.0,Good
0xd3a2a4287647f61eb43922682e96fc9b434605a7,100.0,Good
0xdc95913ea736a669f9518dc58b90b5d7ea2c8c8a,100.0,Good
0x357dd894221f4f8f4bb52aef3da7c618c39c3682,100.0,Good
0x34cfaff03f43f240c6c4e81f076f3db491021007,100.0,Good
0x351fabac75529688169b7e763954317db7c9f5ba,100.0,Good
0x3b48461a085ab50996fd96b0cc12a557be91aac9,100.0,Good
0xd212f73a389966da5f493a302518639ee8296dc8,100.0,Good
0x189c2c1834b1414a6aee9eba5dc4b4d547c9a44c,100.0,Good
0xd24e0a25b7a581d1adadd30c14b009047890e6f2,100.0,Good
0xd27078955887e164fd818869a2953d5eb8aee2db,100.0,Good
0x3538231cf9b57a35d5bf3c0d3b9ea54ff5863465,100.0,Good
0x0393f591f970708c840ed9970f2a867d8b588c83,100.0,Good
0x3566974231473a3456d2305fea0bb0944d2ed698,100.0,Good
0xd2c6c32920a6431968961dcbf54ef2e56fa4603f,100.0,Good
0x3584ca77ba08bd8b3fe4762e60eb284e37696829,100.0,Good
0x3a6d6e5e4b8c3e9bac29ed12c4243377e64f9b4a,100.0,Good
0xd3293cbdb67c4fa6dfd4661c10f11d5b9ea9bcd8,100.0,Good
0xd34b49026e2822cfb8b10618d54c312a07139bc6,100.0,Good
0x19058b87cc3975b2dd7d01b6e95102ab9e1a2a72,100.0,Good
0xdcd30dbeff3379826512c23dc38fb89165ba9c95,100.0,Good
0xdb88b5b0df1eeb8d30263b7a1b31618b0bc61e3e,100.0,Good
0xc1852f917835a9f2f97112672bc5c8afd1f21dc3,85.81264938098258,Good
0x6555e1cc97d3cba6eaddebbcd7ca51d75771e0b8,84.90825257351352,Good
0x0e0ec712b3912b5601216455a158cf18152cb62a,84.83469745764707,Good
0x3eab4037a2e7f4d4d0946c091fe135838221f2b6,84.68891988766528,Good
0xb435871b0959561226b4d903b1abf79528177e81,84.5822145480303,Good
0xe6f6f9492098aad009faa3f9b84f35c0b6ee7f3c,84.50227622264437,Good
0xa1df7157e5eb60c4f9bcffb6a2f725a4b6492ca7,84.47475558494978,Good
0x6316ff9d2c96b6b122e0dd632ab5831e0bf5bd10,84.46619198837989,Good
0x96c8e2a1eab72eea758b6694fb2217c4118bb803,84.4534240817074,Good
0xaeebe2d33fbdf50684161d1c1ed29a42ac915841,84.41914142341936,Good
0x3e3742b6b7c0add19eb155c72eacbb6bfc8958dc,84.41650541831333,Good
0xd2925983502b2f849c96dbe449179e8b09d8c6a7,84.4120203090347,Good
0x7e5ce10826ee167de897d262fcc9976f609ecd2b,84.41079213715724,Good
0xb28cf9fcfaa079ff21ceddbfc7b4b2fb9c7bd70f,84.40954570143616,Good
0x4c77ca7ff8e548806fdc88e4dfa8ea1e493a450a,84.40747172610645,Good
0xcf32352be14b4c39ea7b914f8c302de4d67f0ff6,84.40616094221726,Good
0xfd72fac7d08f9912e5d02091417304d5a0072e2b,84.39734391667132,Good
0x81da4f0bcea8d330d790da28bf5349d29ad51fda,84.39117523009627,Good
0x285306442cd985cab2c30515cfdab106fca7bc44,84.38912026290089,Good
0x121667b6690f5040c672c3df912a5aaf8735ca23,84.38759212778824,Good
0x32c6b5db05b98907a29baeb7d09c79c95498b17a,84.384749215503,Good
0xedcd518221d67769f2a85acf801e6ba4918a55c7,84.38291300256037,Good
0x9317e25590aaa62be015aff026702f3b960131a7,84.3802482170288,Good
0x2aefafa691982dd8431b03e584988b80c5c0b977,84.37285882609774,Good
0x67d3ccbd1d81e7b1427b70d94454e0039271d237,84.36759680061495,Good
0xae3c67b8aa12e458f2b4eafc0e9209710582c9d3,84.36163783905438,Good
0x2923be587904f3034ffab36c86c495df3c21bc97,84.36046175893772,Good
0x9640a35e5345cb0639c4dd0593567f9334ffeb8a,84.3603983748766,Good
0x2eeeedef8f6d93facfb10521103eb377cbf930a4,84.3575557312008,Good
0x009b56330ae5ec5042b9ca46ddb3043cc0d006f3,84.35624114850938,Good
0xc2351c961181ecd4e682857224e873ebbf956fde,84.3541014482302,Good
0x1cf6437111a85cb37603650f278b80655a1c43e9,84.35334186427333,Good
0x869ec00fa1dc112917c781942cc01c68521c415e,84.35069719991878,Good
0xfd1935fd3c8f49723deb7296c58ba4bb1a0e48e1,84.34919984590086,Good
0x66c7a7348250f453a37cf86410a946f9668de386,84.34519737932818,Good
0xec75e6ae612401d4188266eb731697339b9b0f36,84.34401701325889,Good
0xcd5f8fa45e0ca0937f86006b9ee8fe1eedee5fc4,84.34069252963762,Good
0x877da30d93546e4585bfd616250c61b7e0e2a76d,84.33975693330044,Good
0x8e55ae759901aa0d0550b03d79cf1f2ff5eee5b4,84.33840784955562,Good
0x03ed2992a1d07ab57ec01f0c8914e22b53e48d87,84.33198089545256,Good
0x4c0c59f3e1e8727c60ed7bdddbb454ce4814458d,84.33152606296554,Good
0xb631651cb570ba0c0d696bd5e4860cbd214f20a0,84.32968131469318,Good
0x64ae361c1c55f61a02d2c67a4c78457d5169ac56,84.32886911000637,Good
0x35440df5c2fab7f5dd7c101fdf94a039a00c6ab7,84.3280214446927,Good
0xad923feeeef3598217bd2d7d5d1181d8c386ca88,84.32757769118895,Good
0xeba9d7523c1842907587c92dedccbeff49c9ad77,84.32306061577239,Good
0xa8560117ccbe413074c420f3fa83f842b65e0999,84.32277155498443,Good
0x2b6a4f029de9f6a17c0413b393770cacf28f6c8c,84.32098670731287,Good
0x57ef012861c4937a76b5d6061be800199a2b9100,84.32035276026508,Good
0xa6dffbc492e1dccae78bf4f6f6c13b1f96469e11,84.31775260629001,Good
0x55857b9a18e15a298136b3118af86bc9503b3eb5,84.31604219230964,Good
0xf0b4fb521eee7561e746a2e01ef933c5a2225809,84.3136944731921,Good
0xabeab690bd56d307f4bb3b59c2f209c353ee057d,84.31363358291784,Good
0x2fa1859029a483defbb664bb6026d682f55e2fcd,84.31292668585044,Good
0x65d25e3f2696b73b850daa07dd1e267dcfa67f2d,84.31122527195079,Good
0xdd3b9186da521abe707b48b8f805fb3cd5eee0ee,84.30960105635496,Good
0x97889c952368b5ae0def08eb845ec1ca212b6f2d,84.30853815696241,Good
0x45ec2ca047fd21f8d92e9ad7d03b839a6657bc08,84.30821627627235,Good
0x8094f015cbd787e16a65ad0ab606c41d78c1887f,84.30818050951655,Good
0x14c45cd15d33eaa8aa149e3ca0e6924db143b08c,84.3076577570758,Good
0xaec0d9389d27359c4eda77a81eeb71b1e68c2ada,84.30740924485004,Good
0xd998171b51dede5bb420228f8ca6e349daf0fd62,84.30704399485171,Good
0x2848b9f2d4faebaa4838c41071684c70688b455d,84.3064648743502,Good
0x9064f45ddb3875b83ce86602330e493e6abda6f1,84.30445259767662,Good
0xd63b87fa46652a28cb3ffcbc56f7721fc60943ad,84.30002298426236,Good
0xa53a13a80d72a855481de5211e7654fabdfe3526,84.29851330674116,Good
0x1a01ea6f99123f161554ae7d489976fb95d0309b,84.29802588849367,Good
0x6c5d0d9eb1243903775ffdbc8f5d29b04ce3670d,84.29345146994284,Good
0x73555792708d34d5d2c3fce67134ea691ceb4d65,84.29297050995412,Good
0xb141936c797fb48714c37f9168d8dedd47975191,84.28918676884564,Good
0x70056d4450ddc31a61146fe91283aa3f645ec1e1,84.28062833225772,Good
0xb678853c57b94da8e6ffbf0e792e9c31788d84a2,84.27847463018514,Good
0xc721921b29618680c19f4a4d1458f82689c126ce,84.27804322956617,Good
0x00809b9263aab2856bf65be3d3bc3fcb9e19c1fb,84.27721356430621,Good
0xcdebcf59ee33978320ca2ebcd433ace6144c63c4,84.27699243708015,Good
0x6a8ff90e596e037b2ded3881c19ab4fd1727a0c8,84.27685299668236,Good
0x0c3f70c14b8bb96d6b74af35c6ab7f85f77a23ba,84.2739915778876,Good
0xa5c3a513645a9a00cb561fed40438e9dfe0d6a69,84.27379994143715,Good
0x5eca9a84b31f7dcd83c68b015df498b0c4f65f6c,84.27355719332247,Good
0x9079a0a7e0ebee7650c8c9da2b6946e5a5b07c19,84.26743039738484,Good
0x930a7cd60a633128b7c5181307781e6d033ba51a,84.26640544331202,Good
0x0118289457e9fd02c05e37e27a11bd09d3500021,84.26241574192525,Good
0x92be89852867b06d8f77e110d95e7e5dad2f5359,84.26218343037897,Good
0x2577a8539cb2194acd72f035dbb691ce5f406d3f,84.2620894603903,Good
0x1a6db538813dbfa63e1f19f8804447187b7d401d,84.26160230197732,Good
0xa4f965e38a7d2795f43eebbed1c160319adbee04,84.2610560137694,Good
0x0d5926184e886db1a736d88f0fb257be3f99ebd5,84.25118579325941,Good
0xc610ac3017b833337d2e68255855436d3e0ff114,84.25062645249703,Good
0x7ed40353909c23fb61bc2bb29096ea1bbe53f966,84.25024242379338,Good
0x970991bdd61aed3c2cf91e9bf6944960561dbcf5,84.24694802594325,Good
0x95ad647b9e6174294573aa4b8a2681ec20d44594,84.2455785454895,Good
0x786f9e6c7d47250b02835d08aee55b52f42220a5,84.2454219383721,Good
0xc2f82a1f287b5b5aebff7c19e83e0a16cf3bd041,84.24511976100362,Good
0x1955c2b76b1cf245795950e75eb176080879da50,84.24011178101472,Good
0x322d58b9e75a6918f7e7849aee0ff09369977e08,84.23973765329919,Good
0x512fce9b07ce64590849115ee6b32fd40ec0f5f3,84.23747572802755,Good
0x9dfac9bbe1119da5dcdd7b095db40920cde878ef,84.2360900052669,Good
0xc6af895832bf156c59c8c0b59fc31179d5f7019f,84.23442382483387,Good
0xd1929ff028686a33cc436b2a82d71446bbeea1a1,84.23282915051476,Good
0xc424e90ace50df63efe178ed5f28cf3759cf51ea,84.2303861064805,Good
0x66215d23b8a247c80c2d1b7bef4befc2ab384bce,84.22374298534447,Good
0xa574c53d63550e535c8b78f0e2a33bbe3c56ef2b,84.22303168002587,Good
0xbe808ea4b07c96f770d221871331fd2ccbab4853,84.2224141739796,Good
0x159038f1e0183b3ef4eb197016214f6486189338,84.22031928697473,Good
0x54232d4fff02af44d0a5ff43e96cdc8d154a1659,84.21907920103529,Good
0x53c19cf633c65adb9748f884dbd84bd4eded3fba,84.21552900473957,Good
0xaa228431cc2b3db67b456e5be5d6877070ed63ab,84.21421758425294,Good
0xc8315afc044408ff3b56b84fe991c84fe0816e12,84.21387288207893,Good
0xf10d5716c7d6fcca6301fcafb9bddb7053854919,84.21277514412661,Good
0xc37027c11b6b416462aa7b589e6f7937ce220327,84.21217342445836,Good
0xa218a8346454c982912cf6d14c714663c2d510d8,84.21213778382558,Good
0xcb937212f1dffa4dda6837cddb4788d1ce5e0251,84.21079041265757,Good
0x12899167ebac6cfd96b61b18eaa5f91f9d859886,84.20983865432211,Good
0x48e5013861b25c114e369c3e12dc948008352aea,84.20717797473709,Good
0xb3d77ebc988eb7265f8b145accb27bcf2722ee0a,84.206223650546,Good
0xb4df85cc20b5604496be657b27194926bd878cee,84.20472043328837,Good
0x6655459bab7a5e99f2d61279316f6d0a465be784,84.20393574110588,Good
0xbf5b9bd197e9dbf3f2ce58e5b1c35b1bf383b5cc,84.203703352395,Good
0x09cdd1ec94503878479e472cfb3573e145370a86,84.20258495993576,Good
0x2a4e6c78f12333481a6d932ba526eb56bd64f008,84.20185823782782,Good
0x75a539db04dfcd914b7b2e985662e586c3da3ed4,84.20054002324937,Good
0x54543587cd0412d6ea0e852eb62177bc9306a6db,84.19981282170217,Good
0x9c0d566b965e4361833ae5207b5544bb35827e18,84.19960790982846,Good
0x1c49f9aa2dec3ad25d4b3efc29a785cf17691370,84.19896021694016,Good
0x3996769bd6bf1f7380895bc969302804b3d3125b,84.19830960622772,Good
0x0aba55c93cf7292f71067b0ba0d8b464592895ca,84.19761642188801,Good
0x1bdb1783505f626a55a5e3dd3e366df1cd69c055,84.19616292551574,Good
0xae5fb390e5c4fa1962e39e98dbfb0ed8055ed7a9,84.1956229810979,Good
0x91b57d4077fb560bddbb4cbe81546b10005b587d,84.19423494357949,Good
0x7a69bd5a31f3388ed2eb2a7464aa462c658d1929,84.19244253731382,Good
0xa6e8e242a6bbdb87765edb408530348b4f51030b,84.1923522920946,Good
0x389135c984febdbb310adaf23a690dc28c8fa62b,84.19164331603656,Good
0x4282890ff9661a51ea367aeddf341c6f6395d4e1,84.19123676878722,Good
0x2f41ed247b918d27300131f07676d33493b74363,84.19056586491888,Good
0x9b67bbf26fff9b8c446b344959f3eb43168c2734,84.19013388074178,Good
0xfaf95953a36ed1e8f8426ab5b7eb53da246e3476,84.1899383202985,Good
0xcc98bdc61f62f09167670399110074d2eca72bdc,84.1892198840657,Good
0x1048e693b121a6386f024f2e97ea17e28537b99a,84.18919073661725,Good
0x4527c75dfc50a5390dc663f81b627c39e7b9acad,84.1884554856909,Good
0x30377714d83f02be07189b321c94d554fcaeb3df,84.18608278148969,Good
0x0e532f71e574e0d2f421e381e4d1ae2c7097b7c8,84.18549399001743,Good
0x9eb7fa865937d1e92a1c1d10ccb5240757e93227,84.18342877443553,Good
0xa4da0f347c6abe0e8bc71b5981fd92b364eda4c2,84.18217016158185,Good
0x74c4623d7609f3eb2665ad32ff96b44856b6051b,84.18162561723528,Good
0x531146f30be47bb171cb2039c25a4ae5d4fe164e,84.18154464427258,Good
0x93d30a4051df1363a11050dd5259494a609ed97e,84.1802921178487,Good
0x01e8a979e7c5a1bb5c7af02a5f11263d0af4c19e,84.17998269450206,Good
0xc25c0092307a5b8afd8a4bd01351a92579040951,84.17975563944057,Good
0x202f0241efd14ec8d82f1165f217ab6cc29fad23,84.17780000479286,Good
0x736e108bcdd0c48771878caa148c1254689a941d,84.17704850526391,Good
0xa6e78caa11ad160c6287a071949bb899a009dafa,84.17699933317324,Good
0xa2382d2c0f5c3eab3015827e6be407e53f5876a0,84.17680313939674,Good
0xca4a4e011bdeb6e5cbc229b882ee20ad3231096a,84.17654459260594,Good
0xd3bb48f4f01876783ce5f67392c1fe05e1fa0918,84.1759022062902,Good
0x1fcfd25b25ccead63665cf867f4f7cba3e75de64,84.17569952304726,Good
0x0951ff0835302929d6c0162b3d2495a85e38ec3a,84.17556440492636,Good
0x7060380f1f31ec257fb69dd4ec52c2ccc07c31d6,84.17440800417846,Good
0x45c84e29eaf1f15a89bea1e8146a53d68d409cc2,84.17180025753382,Good
0xc980b6cbd623a2e505a64f1b654f7a042fdf6bb5,84.16952180990302,Good
0x1057bea69c9add11c6e3de296866aff98366cfe3,84.16941779631564,Good
0xd3d555bb655acba9452bfc6d7cea8cc7b3628c55,84.16745042539705,Good
0x4ae0dbd5c700c64faaf85678fc1fcdf6aba5c5dd,84.16321401464273,Good
0x26ec7fc8b97d013d3d0664ab78abcb401bf186f0,84.16192755566246,Good
0x5a92bc71ff2cee03202db6b625cb074d588344bb,84.16064611604453,Good
0x9b4c75ce8d7006620df39e8757ade75d6434a6fe,84.16033278008615,Good
0x943980b467fe194beb923daf7a544abce90b5f93,84.16008076952765,Good
0x856c63f6a02c1e175e36839ed262ee4e85e78a22,84.16000254842535,Good
0xbbec95fce30d33d1972d412108a053030e31b654,84.1589462549269,Good
0x586e32930ac05127de429bd566eaa2758fcbd9bc,84.15828858681961,Good
0x23cc917f53ed08c028a9b60067d4de1d7db77f5a,84.15771280600087,Good
0x410c8568c94f707008bb7a5afd36421b0cf6c307,84.15695013950568,Good
0xd3d4ce329824372655ba5303d609a73e56693164,84.15066796307778,Good
0x7345c51439d1c84949f56a6ad0ecdf3f3f1d2be2,84.15054800525456,Good
0xe4b205c76b78cf72012d6040c33429dba9bbd19b,84.14927327095678,Good
0xf34f1d3c83ba6dc25f518b986f38a8cecf5eb14e,84.14865666693709,Good
0x7bacf22f747f2f4b983081c0aa76dddfecd008ab,84.14861276421675,Good
0x42ab9e1c9332e61eba3a17b53fce2abf73dc8b12,84.14836429596532,Good
0x7c6a9ca96a045a8fdac350f89cbd98a0e40ba057,84.14792028348916,Good
0x60dc0b25f6aa160ec8748a52f6c360c213454bd1,84.14779321765798,Good
0x3d534d4f6099b94846b905068bc1d420258065e8,84.14693485491263,Good
0x75d3fcbac90c72c32675cd80b109454100f3c9d3,84.14605810280261,Good
0xc9e7a40b20e2b10b3619109a74e9e6ef17c31299,84.1458829135977,Good
0x1a2d4efc833d4a32728b149b6fbaeb0b948d4bbe,84.14558970246766,Good
0x119e26e8809efd0d2baf690c62bd847271f2e96e,84.14514222858392,Good
0x6976b21f3c91bd112aa41a6ef9be5212852db6f5,84.14436664924081,Good
0xebbcc9b60e2b819f2758c205c8cd986133d21005,84.14385826488487,Good
0xcd0c599f1b6709a026978a75e0ca2021446e2ed6,84.14254144667346,Good
0xffbfc78cd57025f3ef4e478ac5f909a20a22ad50,84.14082266512033,Good
0xc5c04a665048403b7d7f4f5f1b165cf64385d9c7,84.14071856622465,Good
0xe895f40ecf7f32f3c57127c242f961ea93d0470e,84.13767104927032,Good
0x904505327ac551de0e33fa33d8c744f8ced5d171,84.13559881056194,Good
0x96482d545d2f0513dac4f037e98685ca7a3d0afe,84.13515489711399,Good
0x27970d7f5e4241fa3e79eefcfcd302c60b8ff0d5,84.13499181806934,Good
0x4c3278cf1c45a3e5bd2000242207870b6c015cb8,84.134378103309,Good
0xf2620f8c4bdc46a55d0e3f39569d0d154f5d1981,84.13334347850972,Good
0x9eb408e53dfa0c877b65bbe874de81247212380e,84.13274089257315,Good
0xd21e9a1471b65465166e99832ade5bd1e3a85c9e,84.1317761989013,Good
0xfcb6a30ef6f39edb1c3f8b5dcd5eade4efc2cb1e,84.13099071149864,Good
0xca1a7fc6cab553ce65f7c33c6e3eba6de954efc6,84.12998717318857,Good
0x98723710a60bf3d2e32c281d8209935e8925e0d7,84.12804576961453,Good
0x5da581400c1a404811ab251680e24eb73f679f18,84.12675713866382,Good
0xb375e0c12bfa084d269dcbf412ea1d6b100aae5d,84.1263399600293,Good
0xd12ca1d1308b34b1ed2aaad8257d52b92af40910,84.1249317800522,Good
0x6a983e653d6d7c81fbd29dd7cc638b6f36242d08,84.12426338482558,Good
0x248d09b842142ed5e4ec79d95e62baa46bfb7738,84.12315202553177,Good
0xbc937bea0a2c74669432992c90517bbf85aed8cd,84.12239961422038,Good
0xf1caf10c5fe421660e8fdf2c0cdaa0be68633b3e,84.12093380186258,Good
0x85697c00fb7bfdd5b31826f4e807459fb9941b19,84.12035788910437,Good
0xdede431dab9a59a99d6c6e7f998ebccc3cbaefd7,84.12003610758018,Good
0xd0696dc76308ffbc3b56eb8cd6e598f01e270f41,84.11980345677371,Good
0x076c95c6cd2eb823acc6347fdf5b3dd9b83511e4,84.11955737230994,Good
0xeabf7dec6253f3ddbcb70a93fa9a5d6470f6cf74,84.11918824860183,Good
0x8fecb44f0393b6936ec7b402c3c28cd85e783588,84.11907614509732,Good
0xd1bf30002eb933155858f62dd5973749d8c516d4,84.11894720774606,Good
0xa9d43d5b22e5eb975df03f54a90e4d630f448f4b,84.1173235999806,Good
0x3a9f7c8ca36c42d7035e87c3304ee5cbd353a532,84.1172356359073,Good
0x52405eff99dd4c2015463dc511573344f2e2e8d7,84.11639583346835,Good
0x3e2dbda5f310aade1503557b2e7f356eaf161641,84.11630346899749,Good
0x57e95fef87149570fc1f4c8a1baaf57aa45a89c4,84.11343873665801,Good
0x3cb08deb531729fbd4776563b792730c8249b121,84.11073106862322,Good
0xe8324c980791df99215b4e337d1dee5f5c0988a8,84.11072181444877,Good
0xf157eba689047d5d6b0ac629bf46a62a59ad501f,84.10938676656724,Good
0xd7925984736824b4aecf8301c9aee211cd976494,84.1092355300832,Good
0x9f7dd5ea934d188a599567ee104e97fa46cb4496,84.10895359982115,Good
0x815721a8b174a18aec0c434706c289b08230f3ea,84.10835132768658,Good
0xe6c58978d013b757eb315bd6fd776bee2ee2b63c,84.10646945334568,Good
0xbd9ed130a53cfafcf81502e4d35329a6c4d53410,84.10593040555145,Good
0x8f242eea01d82852cc9db9c64db449f232786011,84.10536496504363,Good
0xa0058b3a974ee3be6aaa8badac1947fe72bb1db9,84.10186557371111,Good
0x797f63620e62dbc83a5bc88c6a43494ded428cbe,84.10125776275004,Good
0x3cf687bbc6ab9dffee28d325d1336d556b9a230a,84.10078272597504,Good
0x0baf7b79f9174c0840aa93a93a2c2a81044a09a2,84.10041075725363,Good
0x199da66fea63520d64b213ee3e7eb7cdfb650d62,84.09778998454453,Good
0x90c3729672a0b7a9bb7553e76c477cf873e3bc33,84.09728051649388,Good
0xaacb53d9ada6825be17020a445c6e9c21a22fe34,84.0968301873154,Good
0xa7615cd307f323172331865181dc8b80a2834324,84.09652253556284,Good
0x98f365b8215189f547e0f77d84af1a2cb0820c72,84.09638756647796,Good
0xfeff33456de40aa9ffc85b796cb731b91ea6eb04,84.09620019567086,Good
0x3123f7271ee3ab8041328b6812439d11bfc79817,84.09607748151804,Good
0xec6e6c0841a2ba474e92bf42baf76bfe80e8657c,84.09460699439472,Good
0x6cbf891ec109e6e9e1893dd33f145719540cd834,84.094441473627,Good
0xb36d37110417c0ca0b79b5d262868cc9444f7550,84.09423547522049,Good
0x361622264aed52ff036ff8314adff6657c4153e8,84.09420255519012,Good
0x890a41bffc0213e479cf470dcdfebe413cce3389,84.09316618149028,Good
0x2c99d50eb4daa1d26b5ba0b1daab58cbfc0ac3e6,84.09286934574594,Good
0x1fc931e464b63cd55e69c1fd4461317fe35ff771,84.09121663021563,Good
0x67168517c1d0835147e2bd66e40a602e9fb9cbd9,84.08987104757834,Good
0xe75c8bcd8b9a36f9cf89442d436686c218c68593,84.08783562702985,Good
0x903ddd91207f737255ca93eb5885c0e087be0fc3,84.08697716719321,Good
0x30781d7d755845fa50bfdb63ba7b9426a760f3b1,84.08639913495067,Good
0xc9c50b55c3085606ff05c70ac8cbaf26240891ae,84.08592193583988,Good
0xe864166688e95618920e32619753e23175f189ce,84.08467667150492,Good
0x6bb740b57627123ecb2debe195ea5b225b4f9ad8,84.08403630190949,Good
0xee3f8ef1d3cdd0cf80bf3ad103aac1c6e0647ced,84.08339904339773,Good
0x19ee7696d2a71548a7f1fc9cef644460d7e73297,84.08241456056913,Good
0xe1b0e71dfbf82eb2521ed94508e9b0b6eed6a634,84.08208714264684,Good
0x7e06b4c65a6bcd3068e692a592211e29955f6566,84.08206897654138,Good
0x57db5d6aa783cf29af41330569d24957140fd3eb,84.07901964131952,Good
0xb5b4c4f6a656e6a9c1fc301b206b99af95215245,84.07863798941092,Good
0xafbc2a1ea36bbc341751063a35fb574e1c1c90cd,84.07703056897533,Good
0xff5269e8ae6a9f2ff2a93c770fd35f8ce71712f8,84.07642731873496,Good
0xec45c8fd6c9844be241fc2ef399f267a21210fd5,84.07565959805929,Good
0x57bf61b835a8a49fe51aa4614f774d9f01bdda73,84.07556102204131,Good
0xbc927cf46a2c9de51fe3f950508ac655fe2256d5,84.0753916157156,Good
0x8ab0fe3d61e372a0caa2b2acf6d1ffdefd1c645a,84.07393274757433,Good
0x540b3f3705ea15a75f759c74fa046dbb47d08981,84.0725330959625,Good
0xea398010f27e03b33cb022d076a41978561e845d,84.07233926681921,Good
0x2a1049062c6cfd69bd38fbaf3b0559df1dbbc92c,84.07116946279477,Good
0xba333f8ff556bf35d38e102a98daf1c5f6d9d708,84.07095086343266,Good
0x336a566f0cd19c3379676f8932f26c9b1b1aea66,84.06998640037891,Good
0xef492b2d863b4e68330b4ed0b39708d3846b3420,84.06892789544459,Good
0xdeec9fd8aa3cfd9de0a470ca353bf03ba3006d2b,84.06883750285509,Good
0x9eff806ba579ee2bd51bd35b63cd19f6bd6dd0bd,84.06798939555262,Good
0x0c8f904694c9017270e5915a399f96185b6dc47f,84.06443205301026,Good
0x4f176cee312eb74289a6be2de9e09ec275cf577b,84.06442655887984,Good
0xee4e262d30c9e69e4a9a82ab4910e8d94c081b56,84.06438280882523,Good
0x3edab72359e7658078f4872b7e4827d7242923a0,84.06183526835515,Good
0x72a38f45f57d8c25425a1712e7bf121159bf48dc,84.0615587977964,Good
0x47917255d73810620c841a35e5ee42c008e951b0,84.06033509075506,Good
0x90eebf17ddf3c8ff2d096bc9fe0905cb2bd3d81f,84.0600560436837,Good
0x014d808541240a693b48819a600b401cf6b3b8b7,84.05987554221062,Good
0x78a083d3ffc762515dc0e168c33f186dca76e45e,84.05870191839233,Good
0x25cb5b18a3d6c7cf562de456ab8368ed577c0173,84.0580424676919,Good
0x7c8dd864ded4030d42883b72dc7643bd7646f1ca,84.05629717055042,Good
0x9cfd5052dc827c11a6b3ab2bb5091773765ea2c8,84.05587813603171,Good
0xaaa4ab4966e54d856bf2fb33a850285b30ed45e3,84.05554330667819,Good
0x3c112d7558a9a80ef8a19342a5869b69d16c39b5,84.05506145765577,Good
0xa7f3c74f0255796fd5d3ddcf88db769f7a6bf46a,84.05414678415927,Good
0x8877bcb2223682048badd5b09b7ee5a8fa2f3424,84.05399921067463,Good
0xca1132ba4e92a247365b0e8dd1ec23a1fad2fdfe,84.05195949523889,Good
0x4b1f2b10a8c7d8b37ecf45659cdeddb54f84253e,84.0511971954595,Good
0xb24b54fe5a3adcb4cb3b27d31b6c7f7e9f6a73a7,84.05058210878141,Good
0x1e3a7fbf0bea5d6d66132361a4dbeeaaad5b1689,84.04998455719493,Good
0x49a1eb39534f378722036d41d3ab5c92e86b55cf,84.0493835393168,Good
0xfa6ce4657af871b5b758cb06a796f31e8f37e9e0,84.0489770178302,Good
0x523c8b962707252201fc9289289081507f58af4d,84.04845515587945,Good
0xdc5e2422ae2d45f7f7f5b4109624285bb9b358f8,84.0480635027548,Good
0x44e88af9ccecc4de798737cc70ee011f6c38d00e,84.04739292484845,Good
0xc3b439e6364b3f8d07754fb782e509e53b3d0b1f,84.0473215203474,Good
0x7219786a67c3ccaf08545d8cc5634af1eb869e5c,84.04581816437866,Good
0xad56935be2813f35a5a29626a2d1362d6c49c47c,84.04439688320316,Good
0x47b2efa18736c6c211505aefd321bec3ac3e8779,84.04397548026077,Good
0xb97d56feebcd2d8ef7c17d2123164fa3bddd97e7,84.04386110477664,Good
0x064de67d26030c83297d3d1b3032d088be892e2b,84.04284013509601,Good
0x5d041980e76e766c0b8ca414c4244e75942ccbf2,84.04269968799915,Good
0xdfab10160b6fb43b241c581540e46229c581b1b6,84.04197717726905,Good
0xe02536ebda777d2b7eff618ab989beff772f8339,84.04159882110093,Good
0xc40c82d5917f74c97504c5de063f7c4eb3a01750,84.04156898296928,Good
0x204d4879a3975e97c852cd89df57ce08a6d2aa20,84.04054340893606,Good
0xe74fe046d6c033a1b2f2dbf253f85449425a4f55,84.04048802413327,Good
0x11b6a5fe2906f3354145613db0d99ceb51f604c9,84.03970892059398,Good
0x9b659d5631526d6cb599da65dd0e59a923303d6c,84.03962369272023,Good
0x8b59ae6ec3ef31c796600373a0add1d91bd1c00e,84.0384421422608,Good
0x65c1d220e067b9339e7d136c74e88365b57aeb53,84.03838221746942,Good
0xf8b316e1dcbd6427f3c5717d88ce7867f05fc82c,84.038354926969,Good
0x5668ead1edb8e2a4d724c8fb9cb5ffeabeb422dc,84.0380423762541,Good
0x10a4509fb431cf08f52b4eebd62569048606304e,84.03780440691229,Good
0x75683ba5d79e01cacb21aef347e5d8a5ef86c06e,84.03742237279874,Good
0x6f1cffcb8a199602b26965fabe278ef178774942,84.03726867772605,Good
0xdcfcbd0ee537882be942477c0955b97ff1903320,84.0362685032138,Good
0x4defa30195094963cfac7285d8d6e6e523c7f90d,84.03539817651028,Good
0x978aad63fe35f7a72573c411c3dff53608aaeac9,84.0338337079163,Good
0xeb23e02024b8b98dd988d39482ec4bc6d329199d,84.03316569231265,Good
0x2e83b16e2c24d3129ecc40cf43b8dc0f0c5ca8c3,84.03161154966162,Good
0xe00d58e8a4850f231c8482681657501d0e49703b,84.03040497606857,Good
0x931292c42a5f600e80d75b7c7743f0164240882c,84.0289576706664,Good
0x6d2af065ccb60c0f7e8ec5907c961c42a3447127,84.02890784814102,Good
0xaf5d6846a4b7c2cdfabebf001382bc9cba4dd266,84.02870800703963,Good
0xefd603747ba4834c84eb3ea3b1674bbcd4d3c6d8,84.0272742936769,Good
0xdfcd4f74729d858f98fe0028d05b27226f0e8bdb,84.02722741857023,Good
0x3abf8a57b611be2f8269e3f642543555c6179766,84.02720400530514,Good
0xf4ae6165c3e05ae7426c5b5200e8b9a7565ac595,84.02590603234266,Good
0xb32b2fb57152a6091fba9fb4803e2df0097c55b4,84.02582795281239,Good
0x761525f5c17baaa3d1c7d61616d580792ac653bf,84.02570686614617,Good
0x0a80b518586ff4568b5437a816164a7bd53baf37,84.02561785526247,Good
0x57abba3830751b3f5023710c5fb6c64405270366,84.02356757152025,Good
0x474a89f2c8d20788f80dc2f9d09411c43fa2df2b,84.01953160631322,Good
0x436266c46e2c2e7c8546573d72d51b96652ad76d,84.0194826990986,Good
0x153e016b77a1a0667af61c05187897075d526781,84.01883979325935,Good
0x1f9a1d61fbba4170451726e1a332de94e5afef8c,84.0187465554087,Good
0x88aaf4a728e14748cea5e9a3ca1306ac567ba472,84.01816338583127,Good
0x7ecb7a50d54d7985604dba59acb2705b0871572c,84.01805596904978,Good
0x298afe764ceade43ba80ac4390195e8d9451d6ef,84.01594214383768,Good
0x6d3bb376aff5d9197bf3f11e93e2f3dc554507e3,84.01576493793114,Good
0xffd82f197d441201cbcf4a507d11f0efe8aa091a,84.01558886457516,Good
0xc023b9f7ae09856beee571a4e2d66f0c1de9bba9,84.01494002813938,Good
0x23d6f869c4a64f1e8be35c777fdc523cfabee9ef,84.0139762316945,Good
0x63ddb0d7750aa11251330fea651e2a7fa1db53df,84.01350690394533,Good
0x820c1213562677697b2e470fdde2ebfef209664c,84.01300157859968,Good
0xbf7faf866f2a4a003216fa224fe75bd2737d86ff,84.01237840957627,Good
0xd97beffdf558b269257feba5df111ab718b71e24,84.01092601944934,Good
0xb6af88412a30bcaf0e999826eff1acd835f43831,84.00970301762892,Good
0xb9a8deae8115c7d7b8aed2ce4610c54e023e964f,84.00846192917932,Good
0xa6308eab4fc51b4d1c1213ef0628ada3c04ff47f,84.006352695026,Good
0x06c53e7b9de5e016825fd04bf5e6538137174091,84.00541578123206,Good
0x24e8bb6a37774d8a0187e196beb29601ed5920bf,84.00532319073308,Good
0x311bf6e6b6d416a808adf524b2fba791bf257e19,84.00360115181037,Good
0x6954644f7dae221ddb66eb59793ce5b6c0e2eec4,84.0031073563271,Good
0xe80d953d0b4f2931549473e803c95f559b6ea58e,84.00213805055976,Good
0x2fe555e0d573b4df1040d30ee209911583c2c9ef,84.00029120711919,Good
0x524802b34cb508be2062d02a6e1cf577c2e66fba,83.99553325496127,Good
0x6f00ce7253bfd3a5a1c307b5e13814bf3433c72f,83.9944451359609,Good
0x983f14fb20991589de9bdc48d6990ddb8e41d918,83.9914045994326,Good
0x2b32c3ecaf47ed3ad459565c472182f56414c9b2,83.99112989638915,Good
0x034a4081df0c5a039d05113a7d0b334083a7b084,83.9903382982044,Good
0xe286e8e6e2e60cac9d077b3a42e2cd79c5faec4f,83.98961403142195,Good
0x289795e6177d2170ba43ced4032a585d0677c6b5,83.98939378545892,Good
0xce9114fa0e578fc3a8ff3cee9809fc713b2533ac,83.98896060586006,Good
0x581f3c56e8c3c6e8d91654d55f507c18f46e7bc1,83.98847194150306,Good
0x85cdbf9345cec498a386026f66ce7b40cbbef52a,83.98809838535873,Good
0x40e652fe0ec7329dc80282a6db8f03253046efde,83.98488388090652,Good
0x0029ab135b5be72168bf80f140d60a9264dbd0c5,83.98423111023122,Good
0x5cf77032d178f1e126870d9af26b63ee3400e271,83.98250094429932,Good
0x62643c6da84e112e664cfbfe64dc5302e6b8d0d8,83.98205580596401,Good
0xe7e3f293ff5be247e336f5cdb493c9ace1011a35,83.97713090254915,Good
0x0cbf84a124f7264e86724b83b77a9a606eadd6bd,83.97669420370471,Good
0x50481e120c49588779bb110bb5a0d468661ca5a4,83.97477950197053,Good
0xb0e1088863f02b7edf67324d02d5093de9b19e0c,83.97133179203395,Good
0x34456a0a60af4afd40b20430e19bae1f3338504f,83.97088298390618,Good
0x825d4f26ac2f18dbd1fdee85c710abd6aaf78b7d,83.96976293669815,Good
0x12690cdba85ce9f5200110bdf391567e8635d759,83.96642708970099,Good
0xe7d0ae1823582e5e6c3a0f9bb0526d380b16edf4,83.96629421737292,Good
0x7044a3e6bf3baf4f0d2f8884a2ee4e2d838f8902,83.96299014407222,Good
0x39bde2f9254cfef7d0487a27e107ef6c1685e44c,83.96249574208129,Good
0x7225ac33941112883620212d651714c1e4aea0e0,83.96162877937614,Good
0xaedc687fa5376d2fe9d4b81ebfc8c2ba30ba54ae,83.96154959515438,Good
0x515d82a74a9aade721801da71fd35f09799cffaf,83.96146550597545,Good
0xb3696bfd947104624a838dd0ae1282756e47ea39,83.96020142161818,Good
0x314f5c4756636c0ed347765ae3c1b235ea975e3d,83.95753143971555,Good
0x71ec9e8cfbba6b8d218b6007d67159213327fb6d,83.95488506563909,Good
0x3d1d660de74051409ad0abe7983277b2268456bb,83.95352820796451,Good
0x19764305e5df2563e2062bcce5429b540d994be1,83.9533936882439,Good
0x275c69284ce670e88b5539355d94bd0601981d1d,83.95257730481931,Good
0xf9958fc198163c10f34e931d93abf7ef18762a2d,83.95239897647264,Good
0xc28e23e7d7d6cc0c9c6f08146c71e7d168cae45a,83.95231766200745,Good
0x1e038a97bbbc8c47be1dc0ab4ea203c6599e946f,83.9521317163614,Good
0xe99b1148e185d2b8e4e901f60c0230696d3fde2a,83.9514554416607,Good
0x180b95b97ea51fc96dcc9950002f45832af7b7b6,83.95061204531761,Good
0x9885a84930e3c8c865a1d3debdc204f990bab7c3,83.94945441379113,Good
0x9e9778231e38ec2473f9addcadfb81300d5256cd,83.9491761994333,Good
0x561445dcad87cddfb1a3b21bb3d1ee4d5e73b485,83.94913025373374,Good
0x3921452ee82a4b775cdb486d7567e365fbfb7134,83.94292424777773,Good
0x48c156c85a58f7a995902a4554c2a5a58cb03e0a,83.94274301662666,Good
0x312bb0fd25fea8fd6da8fab80c36152975833a55,83.94158901278114,Good
0x0ba43bae4613e03492e4c17af3b014b6c3202b9d,83.94150778642606,Good
0x062799b5a2fc009f5d8b48360a05c497d8be8364,83.94038476022361,Good
0xf18a8c841104921cfb895f32593096ecf4759f75,83.93903783113514,Good
0xad54d739ef647b3b29bb5043a16317bdc1ddc470,83.93878693427692,Good
0x9c2dfd5acbcf22cb9a82eaaee95824faf5e1e035,83.93831659630139,Good
0x3e7dd7df9c1ffd12b8ecd94a27472bdc4d87ab7e,83.9381819645059,Good
0x13295163a7dc6f6a35b078db2aa164c24173c843,83.93812553819866,Good
0x16f0a28f9a7874207dde61895bfeac49a34915be,83.93492771049208,Good
0xcfa69328a74c0eac388b889c21eb3ddd9d41a025,83.93459784439143,Good
0x8fdd427fdb9dbdc5d2798cc6711b616467a802f2,83.93384657167898,Good
0x9709a9f77d4349e1da4220f1458fbe9339d612e3,83.93314494139571,Good
0xff4e2d7169d7d56f8b41c63592fa919b4d1b0165,83.93213359641945,Good
0x4ac7b96767c0f6c22cc3defde91d345129a293bb,83.92871534404367,Good
0x00778a211057c47a9f8885750bbf48226771bcdc,83.9283364918376,Good
0x52e0b17cc061d1ff9bbf986ef2408a660a2d30ab,83.92518878377687,Good
0xbefbb8d585c10a9687abbaab82af1872ed4d8d12,83.92276800232763,Good
0xf5d26d8bde798b381828c5a3b214abc60860b9da,83.92039693969832,Good
0x2121d752b56227fe28ba8109abeaadd3df07e90b,83.91984338453513,Good
0x368f6fad75eec78b3c6a5583c0b26a755c058108,83.91803736574799,Good
0x9eacf519f5a1e072339463a61143602e696c751c,83.91697090883942,Good
0x8c9e03aadb9c97a33568515e125e840ffba838e9,83.91654937000206,Good
0xde1b62535e31561c78ba20e49053f2dbcff4b9cd,83.91646579983549,Good
0x9057e3b928e0b0b9ca2767a68538b3adb290bc85,83.91629640797358,Good
0xbf58a83827887a0e4c98cd641aef095ab735ecd1,83.9162846421407,Good
0x75ca7d963b543fd01bc4d094aa8ab29f115ec35d,83.91528880655304,Good
0xd2c930c757752c449c0e8f10633cc2e31fcc4ed5,83.91501446245285,Good
0xf42eb7c923b98d4f98c114db09bd581f89be1171,83.91309466777548,Good
0x52c72f8333bca27b9e489e729da979047e0dab6d,83.9119642251798,Good
0x836fd05a18dc13aa8885a718278e6a316ecca1ff,83.911747120131,Good
0xb22e537e10e798fff2376f24c7a39e7c68702349,83.91154770583859,Good
0x2128adfee4fc6a4c444fe8ee3148e894f87b2b83,83.9110910037812,Good
0xcf50fb42926b255747fb8b0ea8e26d4e66952ca4,83.90995579562585,Good
0x1a50a6238eb67285ccd4df17f75cce430baae2a4,83.90980487754764,Good
0xf1c2e041ab05d5330c43d974a1278d17f15d46fb,83.90840896533524,Good
0x80d6ed65c0d84656e057fb7e664d619082575bac,83.90706232588118,Good
0xfff95dea424c0d7a25471982610a2485f302fb54,83.90683957698931,Good
0xabdb1f94bff885bd8933ac4f8aaacda4326491de,83.90150102847556,Good
0x9edc97c4f8f87ac6c178d1a50db7bc60a0c4a491,83.89619908579638,Good
0x3771eef3e76329ac4c17962a158a895545795c0d,83.89614068982424,Good
0x14c90b59f95b9405113dfedbae88fdd20c29ee36,83.89231988333985,Good
0xf84cc6a984a64468dfd9da25ec44b40c0eb7678c,83.89167328090171,Good
0x21bbfed76f3e3fe03d07f98771c3fe188698d0ef,83.89020971863461,Good
0xe8130f62f1212ac1dd1274474e6eb3d3bfb59745,83.88656409355073,Good
0x8b26754becb2f0b00f64a4345da8e0f53ddab673,83.88633235593574,Good
0x9b7b2b4f7a391b6f14a81221ae0920a9735b67fb,83.88501203527152,Good
0x8d6f28e5baa8aad23305b7b9e7ad2e67388667be,83.88391969031161,Good
0x744bf16425eac4e497a9a01e7ab9bdb0b9f3af25,83.88376411823798,Good
0xc4925ca90d15f19fa8e629f44db89ea03963d153,83.88344426620284,Good
0xe2c9cc9fad5e35d3ad3fbfff8bbae6cc053920f7,83.87835757188098,Good
0x24e2b3e7dcede69200223531beaf18b9f19b8ccd,83.87687852131168,Good
0x8a9bcdc68d19e111663d6c986caf1da1eda1c304,83.87590659852842,Good
0xb6aa8a45ea2c6a24898b7a4a3da043c9bffdade6,83.87504131869092,Good
0xc4abbb0099c3db6e8bebd3693ed66f7fe020f405,83.87292187899824,Good
0x8d5238eacb01cebcd06f4fcd7bd321d00124ebf2,83.87257512189922,Good
0x06763a0717f74b33840ebd85122a5093f828ad38,83.86923992684238,Good
0x439b388faa6e3aee0989dedca8df054f29f01553,83.86785273468148,Good
0x1464d4e3c815de3028572b850c6c34dfc57e9320,83.86590844529307,Good
0x2b4f28baef7a09fd61d348925304938312093139,83.86488669835991,Good
0x76d06be150766c497a87a90b25fb3eb34e8c4ce9,83.86482775911563,Good
0xa8f32cceb477d30a5e6603b498f01c6170175f1f,83.86450154302128,Good
0x63af8a41e879fc27b9c4fe0fa5d5f79a5f3f16c7,83.86313933911472,Good
0xbe746b3639af3d3f3a743318f11ce4073e71f42d,83.86189902708117,Good
0xf42f6d8affb2eeae38d10d9df723b53c8560389c,83.86156105383053,Good
0x4e4bea4763b0334766933d88e1171af56191b636,83.86153178822248,Good
0xec305d1588a1aed8e613e493bfd08fe31fa3d7bd,83.86127508822699,Good
0x70564145fa8e8a15348ef0190e6b7c07a2120462,83.86055141981136,Good
0xd2f088bdb976eeee9bfc0297603068ff9baedba7,83.8587209227789,Good
0x8577b84527ced5d2d9f299dc6027a9e049c17d6c,83.85581168972647,Good
0x9f0a988edc96dac834c158ebfe667da932bd87c6,83.85572100068869,Good
0xdbf156853b040431a3e5d6d0802800b29e6ebf99,83.85414191419521,Good
0x4098bdb17a75bf739ff592fdc51a3476141d1978,83.85282457038075,Good
0x726ca0ca1b4f59e3de69a8d69d97262a10af525a,83.85228886222014,Good
0xc7932865a7c10996c5e0a96a2c9586b4c9a86551,83.85054283218633,Good
0xeae9132891b3e8da72ad8971f83744cd345e5ba0,83.8496183000253,Good
0xcaba1a66f0049ab97256d75eeb48d540a7a1f8ff,83.84727513212904,Good
0xa1932d804e85ae3b80a2a47446e98e51d65d877e,83.84615572736332,Good
0x2b5e682c00a0f873fb6cc34e6125e95090d56b40,83.84410865577476,Good
0xb2ea5e5c907f189467fcc5b5fcc967f25985cc14,83.83986932857438,Good
0x103b3a31c6732c8615161757c64d2c5ed7daad38,83.83963888965211,Good
0x71232ead3bec1ac03ecfe2556acd6c7d0bd349c7,83.83909820591983,Good
0x2a06cd16265ddedfee2ac3b41f0aae2fbae241e3,83.83644134415489,Good
0x602b2d2278465ea5823898000140cef95f2b8d56,83.83450289313701,Good
0x708cee2fb3b06170ea9fbff168822b536ce8e6b0,83.83198749571946,Good
0x586b3f34e90668aee4ffbd94e7ba143552fa70e5,83.82592618956336,Good
0xa2191c3d5a8197708410dc8a22a9e4a07df94ece,83.82258197932772,Good
0x2d19f32620f647d08fa8b9a0fa5206fae15c0ed5,83.81778659926299,Good
0x21c7bd199874b71e69fe7fe742ce0f738559d500,83.81771609653163,Good
0x38fb71db5975ae9adc1842bdc032a7b1ed10fc75,83.81771328831422,Good
0xf12692f90b384623b7d3077d6b342bc3871186e6,83.8124584458,Good
0x46015322832a58fa12e669a1abffa4b63251eee6,83.80724111256028,Good
0x3111327edd38890c3fe564afd96b4c73e8101747,83.80485608129527,Good
0xa87259f8e14364953d91f8541a7ba0b32e5e7008,83.80255981674787,Good
0x81c9312860bcf9eddef41d6839ccded0c7961759,83.80240900695486,Good
0xa50ecb238bfa1b1c9050c58cf3e99c99260c4ed1,83.79981837001148,Good
0xaf4d7e7b9deba33b7ae57d08bd8eae8ab55d8254,83.79967485804974,Good
0xca63a1eae2face6eb858d30554da0363716489c9,83.79937174369401,Good
0x19ca95b64d52ccf91408b63b042182223c8c2f1c,83.79908474276597,Good
0x17089a308ee42356dced12e13d8caa33e18c6d96,83.7980944270883,Good
0xb7625573f98f436554fde189bba8f1cdb57a6b97,83.79761128513493,Good
0x38caf77dfe8e588ec4179b8c395644312fc85c49,83.79754490803748,Good
0xcb4e01a69191814e9dbf6193e19cada6ffe0a3a2,83.79610565667032,Good
0x48ecafaa76013fb100cbb140b9395804438c0e58,83.79601867382455,Good
0xeb1033916a795e424cbe46868d6c08bfb8a2d2f8,83.79533738276484,Good
0x96d747350d3d3f26a06e1e2f523f74ce910f4a55,83.79273658168019,Good
0x9d23f8199acee2903035dd16c3f349af6dd40cf3,83.78952138058828,Good
0x5fade194f53e40a4088a8d8f28cccf45795467ab,83.7884304578643,Good
0xb7a158f6231c2e894a57640deef4767526321fe3,83.78518608474099,Good
0x9eb24c1ea221216158b7908179c13192fee89b4a,83.78499391994772,Good
0x6ba76dfbbb5e3084b56533717eb1a3c8cd5a6f4e,83.78491705607975,Good
0x6168bb05ccb4aaded0169602bbb6e3cae12902c5,68.71223433620969,Good
0xdf0635793e91d4f8e7426dbd9ed08471186f428d,68.67780895627871,Good
0x42b9df65b219b3dd36ff330a4dd8f327a6ada990,68.6702806262177,Good
0x4654f56a64301b9b582f843f97332d96ead11ff8,68.64770593394937,Good
0xa17f75c6d52951699350f308d1220e2dca7b4cda,68.62933461705502,Good
0x502cb8985b2c92a8d4bf309cdaa89de9be442708,68.53012202918164,Good
0xa24f2e6dcbd2da9a220958401dab74b365bd34e1,68.51192274107979,Good
0x07326cbe4792e8e3c1f61c66fefee8253eb2db0c,68.43068265819113,Good
0xbed4e3cd89918563a9ce4b04cf5379daf566bd53,68.42725830223279,Good
0xd19604efb40ece1efd6df5de6d3892112b51e99a,68.4250207731071,Good
0xe69f609c75f8640fa034166c63929f2875c01343,68.38067273150745,Good
0x4f5c0754c5f90e722d78964644bd29687b87c584,68.3761518894542,Good
0xd527c56dc2ac6a71f04242548039d07006e9103e,68.3352133198441,Good
0x0be0ecc301a1c0175f07a66243cff628c24db852,68.30402069060347,Good
0xa7ff0d561cd15ed525e31bbe0af3fe34ac2059f6,68.29315423064938,Good
0x4fe95c36bb9b3a81f278569525162f91615e77d7,68.27523203323231,Good
0xb7128fb2180aa8d93c769ee7d261950c9acf002b,68.22292074205087,Good
0xe40afc776c18d8925199dcce78d0b06c9222b896,68.22118462302139,Good
0xd6390178b2002a0758e8b3486fddc1c4bc23ebe1,68.19033541957072,Good
0x9fd31424cfceab50218906bc1b3d87fe7778ca61,68.18840363930357,Good
0x40941f5619974c639fe13fe977fd92805fc10ec3,68.17962920161708,Good
